title,Directed by,Written by,Produced by,Starring,Cinematography,Edited by,Music by,Production companies,Distributed by,Country,Language,Running time (int),Budget (float),Box office (float),Release dates (datetime),imdb,metascore,rotten_tomatoes,Screenplay by,Based on
A Glimpse Inside the Mind of Charles Swan III,Roman Coppola,Roman Coppola,"['Roman Coppola', 'Youree Henley']","['Charlie Sheen', 'Katheryn Winnick', 'Bill Murray', 'Jason Schwartzman', 'Patricia Arquette', 'Mary Elizabeth Winstead', 'Fabianne Therese']",Nick Beal,Robert Schafer,"['Liam Hayes', 'Roger Neill']","['American Zoetrope', 'The Directors Bureau']","['A24', 'FilmBuff']",United States,English,86.0,,210565.0,15-11-2012,4.6,28,16%,,
Ginger & Rosa,Sally Potter,Sally Potter,"['Christopher Sheppard', 'Andrew Litvin']","['Elle Fanning', 'Alice Englert', 'Alessandro Nivola', 'Christina Hendricks', 'Timothy Spall', 'Oliver Platt', 'Jodhi May', 'Annette Bening']",Robbie Ryan,Anders Refn,,"['British Film Institute', 'BBC Films', 'Adventure Pictures', 'The Match Factory', 'Ingenious', 'Media House Capital', 'Miso Film', 'Danish Film Institute']","['Artificial Eye (United Kingdom)', '(United Kingdom)', 'Universal Pictures (Denmark)', '(Denmark)', 'Union Pictures (Canada)', '(Canada)']",,English,90.0,,1700000.0,07-09-2012,6.2,69,78%,,
Spring Breakers,Harmony Korine,Harmony Korine,"['Chris Hanley', 'Jordan Gertner', 'David Zander', 'Charles-Marie Anthonioz']","['James Franco', 'Selena Gomez', 'Vanessa Hudgens', 'Ashley Benson', 'Rachel Korine', 'Gucci Mane']",Benoît Debie,Douglas Crise,"['Skrillex', 'Cliff Martinez']","['Muse Productions', 'Annapurna Pictures', 'Division Films', 'Radar Productions']",A24,United States,English,94.0,5000000.0,31700000.0,04-09-2012,5.3,63,67%,,
The Bling Ring,Sofia Coppola,,"['Roman Coppola', 'Sofia Coppola', 'Youree Henley']","['Emma Watson', 'Israel Broussard', 'Katie Chang', 'Taissa Farmiga', 'Claire Julien', 'Georgia Rock', 'Leslie Mann']","['Harris Savides', 'Christopher Blauvelt']",Sarah Flack,"['Brian Reitzell', 'Daniel Lopatin']","['American Zoetrope', 'NALA Films', 'Pathé Distribution', 'StudioCanal Limited', 'Tobis Film GmbH & Co. KG', 'Tohokushinsha Film Corporation', 'FilmNation Entertainment']","['A24 (United States)', 'StudioCanal (United Kingdom)', 'Pathé Distribution (France)', 'Tobis Film (Germany)', 'Tohokushinsha Film (Japan)']",,English,90.0,8199999.999999999,20000000.0,16-05-2013,5.6,66,60%,Sofia Coppola,"['""The Suspects Wore Louboutins""', 'by', 'Nancy Jo Sales']"
The Spectacular Now,James Ponsoldt,,"['Tom McNulty', 'Shawn Levy', 'Michelle Krumm', 'Andrew Lauren']","['Miles Teller', 'Shailene Woodley', 'Brie Larson', 'Mary Elizabeth Winstead', 'Bob Odenkirk', 'Jennifer Jason Leigh', 'Kyle Chandler']",Jess Hall,Darrin Navarro,Rob Simonsen,"['Andrew Lauren Productions', '21 Laps Entertainment', 'Global Produce']",A24,United States,English,95.0,2500000.0,6900000.0,18-01-2013,7.1,82,91%,"['Scott Neustadter', 'Michael H. Weber']","['The Spectacular Now', 'by Tim Tharp']"
Enemy,Denis Villeneuve,,"['M. A. Faura', 'Niv Fichman']","['Jake Gyllenhaal', 'Mélanie Laurent', 'Sarah Gadon', 'Isabella Rossellini']",Nicolas Bolduc,Matthew Hannam,"['Daniel Bensi', 'Saunder Jurriaans']","['Pathé', 'Entertainment One', 'Telefilm Canada', 'Corus Entertainment', 'Televisión Española', 'Movie Central', 'The Movie Network', 'Ontario Media Development Corporation', 'Mecanismo Films', 'micro_scope', 'Rhombus Media', 'Roxbury Pictures']","['Entertainment One', 'Alfa Pictures', 'Condor Entertainment']",,English,90.0,,3500000.0,08-09-2013,6.9,61,71%,Javier Gullón,"['The Double', 'by', 'José Saramago']"
Under the Skin,Jonathan Glazer,,"['James Wilson', 'Nick Wechsler']",Scarlett Johansson,Daniel Landin,Paul Watts,Mica Levi,"['BFI', 'Film4', 'Silver Reel', 'Creative Scotland', 'JW Films', 'FilmNation Entertainment']","['StudioCanal (United Kingdom)', 'Ascot Elite (Switzerland)', 'A24 (United States)']",,English,108.0,,7300000.0,29-08-2013,6.3,80,84%,"['Walter Campbell', 'Jonathan Glazer']","['Under the Skin', 'by', 'Michel Faber']"
Locke,Steven Knight,Steven Knight,"['Paul Webster', 'Guy Heeley']","['Tom Hardy', 'Olivia Colman', 'Ruth Wilson', 'Andrew Scott', 'Ben Daniels', 'Tom Holland', 'Bill Milner']",Haris Zambarloukos,Justine Wright,Dickon Hinchliffe,"['Shoebox Films', 'IM Global']","['A24 (United States)', 'Lionsgate (United Kingdom)']",,English,85.0,2000000.0,5100000.0,02-09-2013,7.1,81,91%,,
Obvious Child,Gillian Robespierre,,Elisabeth Holm,"['Jenny Slate', 'Jake Lacy', 'Gaby Hoffmann', 'Gabe Liedman', 'Richard Kind', 'Polly Draper', 'David Cross']",Chris Teague,"['Casey Brooks', 'Jacob Craycroft']",Chris Bordeaux,"['Rooks Nest Entertainment', 'Sundial Pictures', 'Votiv Films']",A24,United States,English,83.0,1000000.0,3300000.0,17-01-2014,6.7,76,90%,Gillian Robespierre,"['Obvious Child', 'by Anna Bean', 'Karen Maine', 'Gillian Robespierre']"
The Rover,David Michôd,,"['Liz Watts', 'David Linde', 'David Michôd']","['Guy Pearce', 'Robert Pattinson', 'Scoot McNairy', 'David Field', 'Anthony Hayes', 'Gillian Jones', 'Susan Prior']",Natasha Braier,Peter Sciberras,Antony Partos,"['Blue-Tongue Films', 'Porchlight Films', 'Lava Bear Films', 'Screen Australia']",Roadshow Films,Australia,English,102.0,,3200000.0,18-05-2014,6.4,64,67%,David Michôd,
Life After Beth,Jeff Baena,Jeff Baena,"['Michael Zakin', 'Liz Destro']","['Aubrey Plaza', 'Dane DeHaan', 'Molly Shannon', 'Cheryl Hines', 'Paul Reiser', 'Matthew Gray Gubler', 'John C. Reilly']",Jay Hunter,Colin Patton,,"['American Zoetrope', 'Abbolita Productions', 'Starstream Entertainment', 'XYZ Films']",A24,United States,English,89.0,2400000.0,274717.0,19-01-2014,5.6,50,45%,,
Tusk,Kevin Smith,Kevin Smith,"['William D. Johnson', 'Sam Englebardt', 'Shannon McIntosh', 'David Greathouse']","['Michael Parks', 'Justin Long', 'Haley Joel Osment', 'Genesis Rodriguez']",James Laxton,Kevin Smith,Christopher Drake,"['Demarest Films', 'XYZ Films', 'SModcast Pictures']",A24,United States,English,101.0,3000000.0,1900000.0,06-09-2014,5.3,55,46%,,"['""', 'SModcast', '#259: The Walrus and The Carpenter""', 'starring Kevin Smith', 'Scott Mosier']"
Laggies,Lynn Shelton,Andrea Seigel,"['Kevin Scott Frakes', 'Steve Golin', 'Alix Madigan', 'Myles Nestel', 'Raj Brinder Singh', 'Rosalie Swedlin', '']","['Keira Knightley', 'Chloë Grace Moretz', 'Sam Rockwell', 'Kaitlyn Dever', 'Jeff Garlin', 'Ellie Kemper', 'Mark Webber', 'Daniel Zovatto']",Benjamin Kasulke,Nat Sanders,Benjamin Gibbard,,A24,United States,English,100.0,,2400000.0,17-01-2014,6.4,63,65%,,
Revenge of the Green Dragons,"['Andrew Lau', 'Andrew Loo']","['Andrew Loo', 'Michael Di Jiacomo']","['Allen Bain', 'Jesse Scolaro', 'Michael Bassick', 'Stuart Ford']","['Justin Chon', 'Kevin Wu', 'Harry Shum Jr.', 'Eugenia Yuan', 'Geoff Pierson', 'Ray Liotta']",Martin Ahlgren,Michelle Tesoro,Mark Kilian,"['Artfire Films', 'IM Global Octane', 'Initial A Entertainment', 'The 7th Floor']","['Golden Scene (Hong Kong)', 'A24 (United States)']",,,95.0,5000000.0,107412.0,10-09-2014,5.3,36,15%,,"['Revenge of the Green Dragons', 'by Fredric Dannen']"
The Captive,Atom Egoyan,"['Atom Egoyan', 'David Fraser']","['Atom Egoyan', 'Jennifer Weiss', 'Simone Urdl', 'Stephen Traynor']","['Bruce Greenwood', 'Ryan Reynolds', 'Scott Speedman', 'Rosario Dawson', 'Mireille Enos', 'Kevin Durand', 'Alexia Fast']",Paul Sarossy,"['Atom Egoyan', 'Susan Shipton']",Mychael Danna,"['Ego Film Arts', 'The Film Farm']",Entertainment One,Canada,English,112.0,,2090612.0,,5.9,36,28%,,
A Most Violent Year,J. C. Chandor,J. C. Chandor,"['Neal Dodson', 'Anna Gerb', 'J. C. Chandor']","['Oscar Isaac', 'Jessica Chastain', 'David Oyelowo', 'Alessandro Nivola', 'Albert Brooks']",Bradford Young,Ron Patane,Alex Ebert,"['Participant Media', 'Image Nation Abu Dhabi', 'FilmNation Entertainment', 'Before the Door Pictures', 'Washington Square Films', 'Old Bull Pictures']",A24,United States,English,125.0,20000000.0,12000000.0,06-11-2014,7.0,79,90%,,
Son of a Gun,Julius Avery,Julius Avery,Timothy White,"['Ewan McGregor', 'Brenton Thwaites', 'Alicia Vikander', 'Jacek Koman', 'Matthew Nable', 'Tom Budge']",Nigel Bluck,Jack Hutchings,Jed Kurzel,"['Screen Australia', 'ScreenWest', 'Lotterywest', 'Screen NSW', 'Media House Capital', 'Daydream Productions Limited', 'Hopscotch Entertainment One', 'Altitude Film Sales']","['Hopscotch Entertainment One (Australia and New Zealand)', 'Koch Media', '(United Kingdom)', 'Mongrel Media', '(Canada)']",,English,109.0,,660241.0,16-10-2014,6.4,49,62%,,
While We're Young,Noah Baumbach,Noah Baumbach,"['Scott Rudin', 'Noah Baumbach', 'Lila Yacoub', 'Eli Bush']","['Ben Stiller', 'Naomi Watts', 'Adam Driver', 'Amanda Seyfried', 'Charles Grodin', 'Adam Horovitz']",Sam Levy,Jennifer Lame,James Murphy,,A24,United States,English,97.0,10000000.0,21100000.0,06-09-2014,6.3,77,84%,,
Cut Bank,Matt Shakman,Roberto Patino,"['Mickey Barold', 'Dan Cohen', 'Edward Zwick', 'Laura Rister', 'Mark C. Manuel', ""Ted O'Neal""]","['Liam Hemsworth', 'Billy Bob Thornton', 'John Malkovich', 'Teresa Palmer', 'Michael Stuhlbarg']",Ben Richardson,Craig Wood,James Newton Howard,,A24,United States,English,92.0,5000000.0,288591.0,16-06-2014,6.1,44,37%,,
Ex Machina,Alex Garland,Alex Garland,"['Andrew Macdonald', 'Allon Reich']","['Domhnall Gleeson', 'Oscar Isaac', 'Alicia Vikander', 'Sonoya Mizuno', 'Gana Bayarsaikhan', 'Corey Johnson']",Rob Hardy,Mark Day,"['Ben Salisbury', 'Geoff Barrow']","['Film4', 'DNA Films']","['A24 (United States)', 'Universal Pictures (International)']",,English,108.0,15000000.0,36900000.0,16-12-2014,7.7,78,92%,,
Slow West,John Maclean,John Maclean,"['Iain Canning', 'Michael Fassbender', 'Rachel Gardner', 'Conor McCaughan', 'Emile Sherman']","['Kodi Smit-McPhee', 'Michael Fassbender', 'Ben Mendelsohn', 'Caren Pistorius', 'Rory McCann']",Robbie Ryan,John Maclean,Jed Kurzel,"['DMC Film', 'Film4 Productions', 'New Zealand Film Commission', 'See-Saw Films', 'DirecTV Cinema']","['Lionsgate', 'Transmission Films', 'Madman Entertainment']",,English,84.0,,1300000.0,24-01-2015,6.9,72,92%,,
Barely Lethal,Kyle Newman,John D'Arco,"['John Cheng', 'Sukee Chew', 'Vanessa Coifman', 'Ted Hartley', 'Brett Ratner']","['Hailee Steinfeld', 'Dove Cameron', 'Thomas Mann', 'Sophie Turner', 'Jessica Alba', 'Samuel L. Jackson']",Peter Lyons Collister,Lisa Zeno Churgin,Mateo Messina,"['Main Street Films', 'RKO Pictures', 'RatPac Entertainment', 'Hopscotch Pictures', '120db Films', 'Highland Film Group', 'Windowseat Entertainment']","['A24', 'DirecTV Cinema']",United States,English,98.0,15000000.0,933847.0,,5.4,44,26%,,
Amy,Asif Kapadia,,James Gay-Rees,Amy Winehouse,Matt Curtis,Chris King,"['Amy Winehouse', 'Antônio Pinto']","['Film4 Productions', 'Krishwerkz Entertainment', 'On The Corner Films', 'Playmaker Films', 'Universal Music']",Altitude Film Distribution,United Kingdom,English,128.0,3400000.0,23700000.0,,7.8,85,95%,,
The End of the Tour,James Ponsoldt,,"['James Dahl', 'Matt DeRoss', 'David Kanter', 'Mark Manuel', ""Ted O'Neal""]","['Jason Segel', 'Jesse Eisenberg']",Jakob Ihre,Darrin Navarro,Danny Elfman,"['Anonymous Content', 'Kilburn Media', 'Modern Man Films']",A24,United States,English,106.0,,3000000.0,23-01-2015,7.2,82,92%,Donald Margulies,"['Although of Course You End Up Becoming Yourself', 'by', 'David Lipsky']"
Dark Places,Gilles Paquet-Brenner,,"['Stéphane Marsil', 'Azim Bolkiah', 'Matthew Rhodes', 'Cathy Schulman', 'Charlize Theron', 'Rob Weston']","['Charlize Theron', 'Christina Hendricks', 'Nicholas Hoult', 'Chloë Grace Moretz', 'Corey Stoll', 'Tye Sheridan', 'Sterling Jerins', 'Andrea Roth', 'Sean Bridgers']",Barry Ackroyd,"['Douglas Crise', 'Billy Fox']","['BT', 'Gregory Tripi']","['Denver and Delilah Productions', 'Hugo Productions', 'Mandalay Pictures']",A24,United States,English,112.0,11900000.0,5100000.0,08-04-2015,6.2,39,23%,Gilles Paquet-Brenner,"['Dark Places', 'by', 'Gillian Flynn']"
Mississippi Grind,"['Anna Boden', 'Ryan Fleck']","['Anna Boden', 'Ryan Fleck']","['Lynette Howell', 'Ben Nearn', 'Jamie Patricof', 'Tom Rice']","['Ryan Reynolds', 'Ben Mendelsohn', 'Sienna Miller', 'Lio Tipton', 'Alfre Woodard']",Andrij Parekh,Anna Boden,Scott Bomar,"['Electric City Entertainment', 'Sycamore Pictures']","['A24 (United States)', 'Annapurna International (international)']",United States,English,108.0,7100000.0,422746.0,24-01-2015,6.4,77,91%,,
Room,Lenny Abrahamson,,"['Ed Guiney', 'David Gross']","['Brie Larson', 'Jacob Tremblay', 'Joan Allen', 'Sean Bridgers', 'Tom McCamus', 'William H. Macy']",Danny Cohen,Nathan Nugent,Stephen Rennicks,"['Filmnation Entertainment', 'Telefilm Canada', 'Film4', 'Bórd Scannán na hÉireann/Irish Film Board', 'Ontario Media Development Corporation', 'Element Pictures', 'No Trace Camping', 'Duperele Films']","['Elevation Pictures (Canada)', 'StudioCanal (United Kingdom and Ireland)', 'A24 (United States)']",,English,118.0,13000000.0,36300000.0,04-09-2015,8.1,86,93%,Emma Donoghue,"['Room', 'by Emma Donoghue']"
Mojave,William Monahan,William Monahan,"['Aaron L. Ginsburg', 'William Green', 'Justine Suzanne Jones', 'William Monahan']","['Garrett Hedlund', 'Oscar Isaac', 'Mark Wahlberg', 'Louise Bourgoin', 'Walton Goggins']",Don Davis,John David Allen,Andrew Hewitt,"['Atlas Independent', 'Henceforth Pictures', 'MICA Entertainment', 'Relativity International', 'Elevation Pictures']",A24,United States,English,93.0,,8602.0,18-04-2015,5.2,41,,,
The Witch,Robert Eggers,Robert Eggers,"['Jay Van Hoy', 'Lars Knudsen', 'Jodi Redmond', 'Daniel Bekerman', 'Rodrigo Teixeira']","['Anya Taylor-Joy', 'Ralph Ineson', 'Kate Dickie', 'Harvey Scrimshaw', 'Ellie Grainger', 'Lucas Dawson']",Jarin Blaschke,Louise Ford,Mark Korven,"['Parts and Labor', 'RT Features', 'Rooks Nest Entertainment', 'Maiden Voyage Pictures', 'Mott Street Pictures', 'Code Red Productions', 'Scythia Films', 'Pulse Films', 'Special Projects']","['A24 (United States)', 'Elevation Pictures (Canada)']",,Early Modern English,92.0,4000000.0,40400000.0,27-01-2015,6.9,83,90%,,
Remember,Atom Egoyan,Benjamin August,"['Robert Lantos', 'Ari Lantos']","['Christopher Plummer', 'Bruno Ganz', 'Jürgen Prochnow', 'Heinz Lieven', 'Henry Czerny', 'Dean Norris', 'Martin Landau']",Paul Sarossy,Christopher Donaldson,Mychael Danna,"['Egoli Tossell Film', 'Serendipity Point Films']","['Entertainment One', 'Tiberius Film', 'IM Global']",,,94.0,9600000.0,3700000.0,10-09-2015,7.4,52,69%,,
Krisha,Trey Edward Shults,Trey Edward Shults,"['Justin R. Chan', 'Chase Joliet', 'Trey Edward Shults', 'Wilson Smith']","['Krisha Fairchild', 'Robyn Fairchild', 'Bill Wise']",Drew Daniels,Trey Edward Shults,Brian McOmber,,A24,United States,English,81.0,30000.0,144822.0,16-03-2015,7.1,86,95%,,"['Krisha', 'by Trey Edwards Shults']"
Green Room,Jeremy Saulnier,Jeremy Saulnier,"['Neil Kopp', 'Victor Moyers', 'Anish Savjani']","['Anton Yelchin', 'Imogen Poots', 'Alia Shawkat', 'Joe Cole', 'Callum Turner', 'Patrick Stewart']",Sean Porter,Julia Bloch,"['Brooke Blair', 'Will Blair']","['Broad Green Pictures', 'FilmScience']",A24,United States,English,95.0,5000000.0,3800000.0,17-05-2015,7.0,79,90%,,
The Adderall Diaries,Pamela Romanowsky,Pamela Romanowsky,"['Vince Jolivette', 'James Franco', 'James Reach', 'Joseph McKelheer', 'Marni Zelnick']","['James Franco', 'Ed Harris', 'Amber Heard', 'Jim Parrack', 'Timothée Chalamet', 'Daniel Flaherty', 'Cynthia Nixon', 'Christian Slater']",Bruce Thierry Cheung,Marc Vives,Michael Andrews,"['Rabbit Bandini Productions', 'Wildwood Enterprises, Inc', 'Windowseat Entertainment']",A24,United States,English,105.0,,15364.0,16-04-2015,5.2,42,25%,,"['The Adderall Diaries', 'by', 'Stephen Elliott']"
The Lobster,Yorgos Lanthimos,"['Efthimis Filippou', 'Yorgos Lanthimos']","['Ceci Dempsey', 'Ed Guiney', 'Yorgos Lanthimos', 'Lee Magiday']","['Colin Farrell', 'Rachel Weisz', 'Jessica Barden', 'Olivia Colman', 'Ashley Jensen', 'Ariane Labed', 'Angeliki Papoulia', 'John C. Reilly', 'Léa Seydoux', 'Michael Smiley', 'Ben Whishaw']",Thimios Bakatakis,Yorgos Mavropsaridis,,"['Element Pictures', 'Scarlet Films', 'Faliro House Productions', 'Haut et Court', 'Lemming Film', 'Film4 Productions']","['Feelgood Entertainment (Greece)', 'Haut et Court (France)', 'Element Pictures (Ireland)', 'De Filmfreak (Netherlands)', 'Picturehouse Entertainment (United Kingdom)']",,,118.0,,18000000.0,15-05-2015,7.1,82,87%,,
De Palma,"['Noah Baumbach', 'Jake Paltrow']",,"['Noah Baumbach', 'Jake Paltrow']",Brian De Palma,,"['Lauren Minnerath', 'Matt Mayer']",,,A24,,English,107.0,,168045.0,09-09-2015,7.4,83,95%,,
Swiss Army Man,"['Daniel Scheinert', 'Daniel Kwan']","['Daniel Scheinert', 'Daniel Kwan']","['Eval Rimmon', 'Lauren Mann', 'Lawrence Inglee', 'Jonathan Wang', 'Miranda Bailey', 'Amanda Marshall']","['Paul Dano', 'Daniel Radcliffe', 'Mary Elizabeth Winstead']",Larkin Seiple,Matthew Hannam,"['Andy Hull', 'Robert McDowell']","['Tadmor', 'Astrakan Films AB', 'Cold Iron Pictures', 'Blackbird Films', 'Prettybird']",A24,United States,English,97.0,3000000.0,5800000.0,22-01-2016,6.9,64,72%,,
Equals,Drake Doremus,,"['Michael Pruss', 'Chip Diggins', 'Ann Ruark', 'Michael Schaefer', 'Jay Stern']","['Nicholas Hoult', 'Kristen Stewart', 'Guy Pearce', 'Jacki Weaver']",John Guleserian,Jonathan Alberts,"['Sascha Ring', ""Dustin O'Halloran""]","['Route One Films', 'Scott Free Productions', 'Freedom Media', 'Infinite Frameworks Studio']","['A24', 'DirecTV Cinema']",United States,English,101.0,,2100000.0,05-09-2015,6.0,43,36%,Nathan Parker,
Into the Forest,Patricia Rozema,Patricia Rozema,"['Niv Fichman', 'Aaron L. Gilbert', 'Elliot Page']","['Elliot Page', 'Evan Rachel Wood', 'Max Minghella', 'Callum Keith Rennie', 'Michael Eklund', 'Wendy Crewson']",Daniel Grant,Matthew Hannam,Max Richter,"['Elevation Pictures', 'Telefilm Canada', 'Ontario Media Development Corporation', 'Bron Studios', 'Rhombus Media', 'Das Films', 'Selavy', 'Vie Entertainment', 'CW Media Finance']","['A24', 'Elevation Pictures']",Canada,English,101.0,10000.0,37418.0,12-09-2015,5.8,59,76%,,"['Into the Forest', 'by', 'Jean Hegland']"
Morris from America,Chad Hartigan,Chad Hartigan,"['Martin Heisler', 'Sara Murphy', 'Adele Romanski', 'Gabriele Simon']","['Craig Robinson', 'Markees Christmas', 'Carla Juri', 'Lina Keller', 'Jakub Gierszał']",Sean McElwee,Anne Fabini,Keegan DeWitt,"['Lichtblick Media', 'Beachside Films', 'Indi Film', 'SWR']","['A24', 'DirecTV Cinema']",,,91.0,,91181.0,22-01-2016,6.3,75,87%,,
The Sea of Trees,Gus Van Sant,Chris Sparling,"['Gil Netter', 'Ken Kao', 'Kevin Halloran', 'F. Gary Gray', 'E. Brian Dobbins', 'Allen Fischer', 'Chris Sparling']","['Matthew McConaughey', 'Ken Watanabe', 'Naomi Watts']",Kasper Tuxen,Pietro Scalia,Mason Bates,"['Bloom', 'Gil Netter Productions', 'Waypoint Entertainment']",A24,United States,,110.0,25000000.0,850985.0,16-05-2015,6.1,23,17%,,
American Honey,Andrea Arnold,Andrea Arnold,"['Thomas Benski', 'Lars Knudsen', 'Jay Van Hoy', 'Lucas Ochoa', 'Pouya Shahbazian', 'Alice Weinberg']","['Sasha Lane', 'Shia LaBeouf', 'Riley Keough']",Robbie Ryan,Joe Bini,,"['British Film Institute', 'Film4 Productions', 'ManDown Pictures', 'Maven Pictures', 'Parts & Laboratory', 'Pulse Films']","['A24 (North America)', 'Focus Features Universal Pictures (international)']",,English,163.0,3500000.0,2300000.0,15-05-2016,7.0,80,79%,,
Moonlight,Barry Jenkins,,"['Adele Romanski', 'Dede Gardner', 'Jeremy Kleiner']","['Trevante Rhodes', 'André Holland', 'Janelle Monáe', 'Ashton Sanders', 'Jharrel Jerome', 'Naomie Harris', 'Mahershala Ali']",James Laxton,"['Nat Sanders', 'Joi McMillon']",Nicholas Britell,"['A24', 'Plan B Entertainment', 'Pastel Productions']",A24,United States,English,111.0,1500000.0,65300000.0,02-09-2016,7.4,99,98%,Barry Jenkins,
Oasis: Supersonic,Mat Whitecross,,"['Asif Kapadia', 'James Gay-Rees']",Oasis,,,Oasis,"['Mint Pictures', 'Nemperor', 'On The Corner Films']","['Entertainment One', 'Lorton Distribution']",United Kingdom,English,122.0,,1500000.0,,7.8,71,84%,,
The Monster,Bryan Bertino,Bryan Bertino,"['Bryan Bertino', 'Adrienne Biddle', 'Aaron L. Ginsberg']","['Zoe Kazan', 'Ella Ballentine']",Julie Kirkwood,Maria Gonzales,"['Thomas Hajdu', 'Andy Milburn']","['Atlas Independent', 'Unbroken Pictures']",A24,United States,English,91.0,3000000.0,74700.0,,5.4,69,80%,,
20th Century Women,Mike Mills,Mike Mills,"['Megan Ellison', 'Anne Carey', 'Youree Henley']","['Annette Bening', 'Elle Fanning', 'Greta Gerwig', 'Lucas Jade Zumann', 'Billy Crudup']",Sean Porter,Leslie Jones,Roger Neill,"['Annapurna Pictures', 'Modern People', 'Archer Gray']",A24,United States,English,118.0,7000000.0,7200000.0,08-10-2016,7.3,83,88%,,
Trespass Against Us,Adam Smith,Alastair Siddons,"['Andrea Calderwood', 'Gail Egan', 'Alastair Siddons']","['Michael Fassbender', 'Brendan Gleeson', 'Lyndsey Marshal', 'Killian Scott', 'Rory Kinnear', 'Sean Harris']",Eduard Grau,"['Kristina Hetherington', 'Jake Roberts']",Tom Rowlands,"['Film4', 'BFI', 'Protagonist Pictures', 'Animal Kingdom', 'Lipsync LLP', 'Westgrove Partners', 'DMC Film', 'Potboiler Productions', 'Albert Granville']","['Lionsgate (United Kingdom)', 'A24 (United States)']",,English,99.0,,517197.0,09-09-2016,5.8,50,56%,,
The Blackcoat's Daughter,Osgood Perkins,Osgood Perkins,"['Adrienne Biddle', 'Rob Paris', 'Bryan Bertino', 'Robert Menzies', 'Alphonse Ghossein']","['Emma Roberts', 'Kiernan Shipka', 'Lucy Boynton', 'Lauren Holly', 'James Remar']",Julie Kirkwood,Brian Ufberg,Elvis Perkins,"['Paris Film', 'Unbroken Pictures', 'Zed Filmworks', 'Go Insane Films', 'Traveling Picture Show Company', 'Highland Film Group', '120db Films']","['A24', 'DirecTV Cinema']",,,93.0,,38348.0,12-09-2015,5.9,68,75%,,
Free Fire,Ben Wheatley,"['Amy Jump', 'Ben Wheatley']",Andy Starke,"['Sharlto Copley', 'Armie Hammer', 'Brie Larson', 'Cillian Murphy', 'Jack Reynor', 'Babou Ceesay', 'Enzo Cilenti', 'Sam Riley', 'Michael Smiley', 'Noah Taylor']",Laurie Rose,"['Amy Jump', 'Ben Wheatley']","['Ben Salisbury', 'Geoff Barrow']","['Film4 Productions', 'BFI', 'Rook Films', 'Protagonist Pictures']",StudioCanal,United Kingdom,English,90.0,7000000.0,3800000.0,08-09-2016,6.3,63,70%,,
The Lovers,Azazel Jacobs,Azazel Jacobs,"['Ben LeClair', 'Chris Stinson']","['Debra Winger', 'Tracy Letts', 'Aidan Gillen', 'Melora Walters', 'Tyler Ross', 'Jessica Sula']",Tobias Datum,Darrin Navarro,Mandy Hoffman,,A24,United States,English,94.0,,2200000.0,22-04-2017,7.1,N/A,,,
The Exception,David Leveaux,Simon Burke,"['Lou Pitt', 'Judy Tossell']","['Lily James', 'Jai Courtney', 'Janet McTeer', 'Christopher Plummer', 'Ben Daniels', 'Eddie Marsan', 'Anton Lesser', 'Mark Dexter', 'Martin Savage']",Roman Osin,Nicolas Gaster,Ilan Eshkeri,"['Egoli Tossell Film', 'Ostar Productions', 'Alton Road Productions', 'Silver Reel', 'Lotus Entertainment', 'Umedia', 'Film House Germany', 'Screen Flanders']","['A24', 'Signature Entertainment']",,English,107.0,,834580.0,12-09-2016,6.8,60,75%,,"[""The Kaiser's Last Kiss"", 'by', 'Alan Judd']"
It Comes at Night,Trey Edward Shults,Trey Edward Shults,"['David Kaplan', 'Andrea Roa']","['Joel Edgerton', 'Christopher Abbott', 'Carmen Ejogo', 'Riley Keough', 'Kelvin Harrison Jr.']",Drew Daniels,"['Trey Edward Shults', 'Matthew Hannam']",Brian McOmber,"['A24', 'Animal Kingdom']",A24,United States,English,91.0,2400000.0,20000000.0,29-04-2017,6.2,78,88%,,
A Ghost Story,David Lowery,David Lowery,"['Toby Halbrooks', 'James M. Johnston', 'Adam Donaghey']","['Casey Affleck', 'Rooney Mara']",Andrew Droz Palermo,David Lowery,Daniel Hart,"['Sailor Bear', 'Zero Trans Fat Productions', 'Ideaman Studios', 'Scared Sheetless']",A24,United States,,92.0,100000.0,2000000.0,22-01-2017,6.8,84,91%,,
Menashe,Joshua Z. Weinstein,"['Alex Lipschultz', 'Musa Syeed', 'Joshua Z. Weinstein']","['Alex Lipschultz', 'Traci Carlson', 'Joshua Z. Weinstein', 'Daniel Finkelman', 'Yoni Brook']","['Menashe Lustig', 'Ruben Niborski', 'Yoel Weisshaus', 'Meyer Schwartz']","['Yoni Brook', 'Joshua Z. Weinstein']",Scott Cummings,"['Aaron Martin', 'Dag Rosenqvist']",,A24,United States,,81.0,,2000000.0,23-01-2017,6.5,81,95%,,
Good Time,"['Josh Safdie', 'Benny Safdie']","['Ronald Bronstein', 'Josh Safdie']","['Paris Kasidokostas-Latsis', 'Terry Dougas', 'Oscar Boyson', 'Sebastian Bear-McClard']","['Robert Pattinson', 'Benny Safdie', 'Buddy Duress', 'Taliah Lennice Webster', 'Jennifer Jason Leigh', 'Barkhad Abdi']",Sean Price Williams,"['Ronald Bronstein', 'Benny Safdie']",Oneohtrix Point Never,"['Elara Pictures', 'Rhea Films', 'Hercules Film Fund']",A24,United States,English,101.0,2000000.0,4099999.9999999995,25-05-2017,7.3,80,91%,,
Woodshock,"['Kate Mulleavy', 'Laura Mulleavy']","['Kate Mulleavy', 'Laura Mulleavy']","['Michael Costigan', 'Ken Kao', 'Ben LeClair', 'K.K. Barrett']","['Kirsten Dunst', 'Joe Cole', 'Pilou Asbæk']",Peter Flinckenberg,"['Dino Jonsater', 'Julia Bloch']",Peter Raeburn,"['Waypoint Entertainment', 'COTA Films', 'Bloom']",A24,United States,English,100.0,5000000.0,43682.0,04-09-2017,4.2,39,26%,,
The Florida Project,Sean Baker,"['Sean Baker', 'Chris Bergoch']","['Sean Baker', 'Chris Bergoch', 'Shih-Ching Tsou', 'Andrew Duncan', 'Alex Saks', 'Kevin Chinoy', 'Francesca Silvestri']","['Willem Dafoe', 'Brooklynn Kimberly Prince', 'Bria Vinaite', 'Valeria Cotto', 'Christopher Rivera', 'Caleb Landry Jones']",Alexis Zabe,Sean Baker,,"['Cre Film', 'Freestyle Picture Company', 'Cinereach', 'June Pictures']",A24,United States,English,111.0,2000000.0,11300000.0,22-05-2017,7.6,92,96%,,
The Killing of a Sacred Deer,Yorgos Lanthimos,,"['Ed Guiney', 'Yorgos Lanthimos']","['Colin Farrell', 'Nicole Kidman', 'Barry Keoghan', 'Raffey Cassidy', 'Sunny Suljic', 'Alicia Silverstone', 'Bill Camp']",Thimios Bakatakis,Yorgos Mavropsaridis,,"['Film4', 'New Sparta Films', 'HanWay Films', 'Bord Scannán na hÉireann/The Irish Film Board', 'Element Pictures', 'Limp']","['Curzon Artificial Eye (United Kingdom and Ireland)', 'Haut et Court (France)']",,English,121.0,,7000000.0,22-05-2017,7.0,73,79%,"['Yorgos Lanthimos', 'Efthymis Filippou']",
Lady Bird,Greta Gerwig,Greta Gerwig,"['Scott Rudin', 'Eli Bush', ""Evelyn O'Neill""]","['Saoirse Ronan', 'Laurie Metcalf', 'Tracy Letts', 'Lucas Hedges', 'Timothée Chalamet', 'Beanie Feldstein', 'Stephen McKinley Henderson', 'Lois Smith']",Sam Levy,Nick Houy,Jon Brion,"['IAC Films', 'Scott Rudin Productions', 'Management 360']","['A24 (North America)', 'Universal Pictures Focus Features (International)']",United States,English,94.0,10000000.0,79000000.0,01-09-2017,7.4,93,99%,,
The Disaster Artist,James Franco,,"['James Franco', 'Vince Jolivette', 'Seth Rogen', 'Evan Goldberg', 'James Weaver']","['James Franco', 'Dave Franco', 'Seth Rogen', 'Alison Brie', 'Ari Graynor', 'Josh Hutcherson', 'Jacki Weaver']",Brandon Trost,Stacey Schroeder,Dave Porter,"['New Line Cinema', 'Good Universe', 'Point Grey Pictures', 'Rabbit Bandini Productions']","['A24 (North America)', 'Warner Bros. Pictures (International)']",United States,English,103.0,10000000.0,29800000.0,12-03-2017,7.3,76,91%,"['Scott Neustadter', 'Michael H. Weber']","['The Disaster Artist: My Life Inside The Room, the Greatest Bad Movie Ever Made', 'by', 'Greg Sestero', '&', 'Tom Bissell']"
The Room,Tommy Wiseau,Tommy Wiseau,Tommy Wiseau,"['Tommy Wiseau', 'Juliette Danielle', 'Greg Sestero', 'Philip Haldiman', 'Carolyn Minnott']",Todd Barron,Eric Yalkut Chase,Mladen Milicevic,,"['Chloe Productions', 'TPW Films']",United States,English,99.0,6000000.0,1916.0,,3.6,9,24%,,
The Ballad of Lefty Brown,Jared Moshe,Jared Moshe,"['Edward Parks', 'Neda Armian', 'Dan Burks', 'Jared Moshe']","['Bill Pullman', 'Kathy Baker', 'Jim Caviezel', 'Peter Fonda', 'Tommy Flanagan']",David McFarland,Terel Gibson,H. Scott Salinas,"['Om Films, Inc', 'Armian Pictures', 'Dissident Pictures', 'Higher Content', 'Rival Pictures']",A24,United States,English,111.0,5000000.0,7856.0,11-03-2017,6.3,64,80%,,
The Vanishing of Sidney Hall,Shawn Christensen,"['Shawn Christensen', 'Jason Dolan']",Jonathan Schwartz,"['Logan Lerman', 'Elle Fanning', 'Michelle Monaghan', 'Nathan Lane', 'Kyle Chandler']",Daniel Katz,Sabine Hoffman,Darren Morze,"['Super Crispy Entertainment', 'Fuzzy Logic Pictures']","['A24', 'DirecTV Cinema']",United States,English,117.0,,,25-01-2017,6.8,18,11%,,
The Last Movie Star,Adam Rifkin,Adam Rifkin,"['Brian Cavallaro', 'Neil Mandt', 'Adam Rifkin', 'Gordon Whitener']","['Burt Reynolds', 'Ariel Winter', 'Clark Duke', 'Ellar Coltrane', 'Chevy Chase']",Scott Winig,Dan Flesher,['Austin Wintory'],"['Whitener Entertainment Group', 'Mandt Bros. Productions']",A24,United States,English,103.0,,14410.0,22-04-2017,7.0,46,59%,,
Lean on Pete,Andrew Haigh,,Tristan Goligher,"['Charlie Plummer', 'Chloë Sevigny', 'Travis Fimmel', 'Steve Buscemi']",Magnus Joenck,Jonathan Alberts,James Edward Barker,"['The Bureau', 'Film4 Productions', 'British Film Institute']",Curzon Artificial Eye,United Kingdom,English,121.0,8000000.0,2500000.0,01-09-2017,7.2,80,90%,Andrew Haigh,"['Lean on Pete', 'by', 'Willy Vlautin']"
Backstabbing for Beginners,Per Fly,"['Daniel Pyne', 'Per Fly']","['Lars Knudsen', 'Nikolaj Vibe Michelsen', 'Jay Van Hoy', 'Malene Blenkov']","['Ben Kingsley', 'Theo James', 'Belçim Bilgin', 'Jacqueline Bisset']",Brendan Steacy,Morten Giese,Todor Kobakov,"['Creative Alliance', 'Eyeworks Scandi Fiction', 'Hoylake Capital', 'Parts and Labor', 'Scythia Films', 'Waterstone Entertainment']","['A24', 'DirecTV Cinema']",,English,104.0,8000000.0,367000.0,18-01-2018,6.3,48,38%,,"['Backstabbing for Beginners: My Crash Course in International Diplomacy', 'by', 'Michael Soussan']"
First Reformed,Paul Schrader,Paul Schrader,"['Jack Binder', 'Greg Clark', 'Victoria Hill', 'Gary Hamilton', 'Deepak Sikka', 'Christine Vachon', 'David Hinojosa', 'Frank Murray']","['Ethan Hawke', 'Amanda Seyfried', 'Cedric Kyles']",Alexander Dynan,Benjamin Rodriguez Jr.,Lustmord,"['Killer Films', 'Omeira Studio Partners', 'Fibonacci Films', 'Arclight Films', 'Big Indie Productions']",A24,United States,English,113.0,3500000.0,3900000.0,31-08-2017,7.1,85,94%,,
How to Talk to Girls at Parties,John Cameron Mitchell,,"['Iain Canning', 'Howard Gertler', 'John Cameron Mitchell', 'Emile Sherman']","['Elle Fanning', 'Alex Sharp', 'Nicole Kidman', 'Ruth Wilson', 'Matt Lucas']",Frank G. DeMarco,Brian A. Kates,"['Nico Muhly', 'Jamie Stewart']","['HanWay Films', 'Little Punk', 'See-Saw Films', 'Film4', 'Screen Yorkshire']","['A24 (United States)', 'StudioCanal (United Kingdom)']",,English,102.0,,385733.0,21-05-2017,5.7,50,48%,"['Philippa Goslett', 'John Cameron Mitchell']","['""', 'How to Talk to Girls at Parties', '""', 'by', 'Neil Gaiman']"
Hereditary,Ari Aster,Ari Aster,"['Kevin Frakes', 'Lars Knudsen', 'Buddy Patrick']","['Toni Collette', 'Alex Wolff', 'Milly Shapiro', 'Ann Dowd', 'Gabriel Byrne']",Pawel Pogorzelski,"['Jennifer Lame', 'Lucian Johnston']",Colin Stetson,"['A24', 'PalmStar Media', 'Finch Entertainment', 'Windy Hill Pictures']",A24,United States,English,127.0,10000000.0,82500000.0,21-01-2018,7.3,87,90%,,
Woman Walks Ahead,Susanna White,Steven Knight,"['Edward Zwick', 'Marshall Herskovitz', 'Erika Olde', 'Rick Solomon', 'Andrea Calderwood']","['Jessica Chastain', 'Michael Greyeyes', 'Chaske Spencer', 'Sam Rockwell']",Mike Eley,"['Lucia Zucchetti', 'Steven Rosenblum']",George Fenton,"['IM Global', 'Black Bicycle Entertainment', 'Bedford Falls Productions', 'Potboiler Productions']","['A24', 'DirecTV Cinema']",,,102.0,5000000.0,80912.0,10-09-2017,6.6,51,59%,,
Eighth Grade,Bo Burnham,Bo Burnham,"['Scott Rudin', 'Eli Bush', 'Lila Yacoub', 'Christopher Storer']","['Elsie Fisher', 'Josh Hamilton', 'Emily Robinson', 'Jake Ryan', 'Fred Hechinger']",Andrew Wehde,Jennifer Lilly,Anna Meredith,"['A24', 'IAC Films', 'Scott Rudin Productions']","['A24 (United States)', 'Sony Pictures Releasing International', 'Stage 6 Films (International)']",United States,English,94.0,2000000.0,14300000.0,19-01-2018,7.4,89,99%,,
Hot Summer Nights,Elijah Bynum,Elijah Bynum,"['Bradley Thomas', 'Dan Friedkin', 'Ryan Friedkin']","['Timothée Chalamet', 'Maika Monroe', 'Alex Roe', 'Maia Mitchell', 'William Fichtner', 'Thomas Jane', 'Emory Cohen', ""Rachel O'Shaughnessy""]",Javier Julia,"['Jeffrey J. Castelluccio', 'Dan Zimmerman', 'Tom Costantino']",Will Bates,,"['A24', 'DirecTV Cinema']",United States,English,107.0,,246133.0,13-03-2017,6.3,44,44%,,
Never Goin' Back,Augustine Frizzell,Augustine Frizzell,"['James M. Johnston', 'Toby Halbrooks', 'Liz Cardenas']","['Maia Mitchell', 'Camila Morrone']",Greta Zozula,"['Augustine Frizzell', 'Courtney Ware']",Sarah Jaffe,"['Sailor Bear', 'Mama Bear Studios']",A24,United States,English,85.0,,61271.0,22-01-2018,6.0,62,76%,,
A Prayer Before Dawn,Jean-Stéphane Sauvaire,"['Jonathan Hirschbein', 'Nick Saltrese']","['Roy Boulter', 'Rita Dagher', 'Sol Papadopoulos', 'Nicholas Simon']",Joe Cole,David Ungaro,Marc Boucrot,Nicolas Becker,"['Indochina Productions', 'Meridan Entertainment', 'HanWay Films', 'Symbolic Exchange', 'Canal+', 'Senorita Films', 'Ciné+']","['A24 DirecTV Cinema (United States)', 'Altitude (United Kingdom)', 'Wild Bunch (France)']",,English,117.0,,958883.0,19-05-2017,6.8,76,92%,,"[""A Prayer Before Dawn: My Nightmare in Thailand's Prisons"", 'by', 'Billy Moore']"
Slice,Austin Vesely,Austin Vesely,"['Kevin McGrail', 'Brandon Riley']","['Zazie Beetz', 'Chance Bennett', 'Rae Gray', 'Marilyn Dodds Frank', 'Katherine Cunningham', 'Will Brill', ""Y'lan Noel"", 'Hannibal Buress', 'Tim Becker', 'Joe Keery', 'Chris Parnell', 'Paul Scheer']",Brandon Riley,Arielle Sherman,"['Ludwig Göransson', 'Nathan Matthew David']","['Frëhand', 'N2ition Cinema']",A24,United States,English,83.0,,,,4.6,61,52%,,
The Children Act,Richard Eyre,Ian McEwan,Duncan Kenworthy,"['Emma Thompson', 'Stanley Tucci', 'Fionn Whitehead']",Andrew Dunn,Dan Farrell,Stephen Warbeck,"['A24', 'DirecTV', 'FilmNation Entertainment', 'BBC Films']","['A24 (United States)', 'Entertainment One (United Kingdom)']",,English,105.0,,17700000.0,09-09-2017,6.7,62,74%,,"['The Children Act', 'by Ian McEwan']"
Mid90s,Jonah Hill,['Jonah Hill'],"['Scott Rudin', 'Eli Bush', 'Ken Kao', 'Jonah Hill', 'Lila Yacoub', 'Mikey Alfred']","['Sunny Suljic', 'Lucas Hedges', 'Na-Kel Smith', 'Olan Prenatt', 'Gio Galicia', 'Ryder McLaughlin', 'Alexa Demie', 'Katherine Waterston']",Christopher Blauvelt,Nick Houy,"['Trent Reznor', 'Atticus Ross']","['A24', 'Waypoint Entertainment', 'Scott Rudin Productions']",A24,United States,English,85.0,1700000.0,9300000.0,09-09-2018,7.3,66,80%,,
1%,Stephen McCallum,Matt Nable,"['Jamie Hilton', 'Michael Pontin']","['Ryan Corr', 'Abbey Lee', 'Simone Kessell', 'Josh McConville', 'Matt Nable', 'Aaron Pedersen']",Shelley Farthing-Dawe,Veronika Jenet,Chris Cobilis,"['Head Gear Films', 'Screen Australia', 'See Pictures', 'Ticket to Ride', 'Metrol Technology']",Icon - Dendy,Australia,English,92.0,,,09-09-2017,8.2,69,85%,,
The Hole in the Ground,Lee Cronin,"['Lee Cronin', 'Stephen Shields']","['Conor Barry', 'John Keville']","['Seána Kerslake', 'James Cosmo', 'Simone Kirby', 'Steve Wall', 'James Quinn Markey']",Tom Comerfeld,Colin Campbell,Stephen McKeon,"['Savage Productions', 'Wrong Men', 'Made', 'Irish Film Board', 'Bankside Films', 'Wallimage', 'VOO', 'Be TV', 'BNP Paribas', 'Fortis Film Finance', 'Head Gear Films', 'Metrol Technology', 'Broadcasting Authority of Ireland', 'Finnish Film Foundation']","['Wildcard Distribution (Ireland)', 'Vertigo Films (United Kingdom)', 'A24 (United States)']",,English,90.0,,3400000.0,25-01-2019,5.6,63,83%,,
Climax,Gaspar Noé,Gaspar Noé,"['Edouard Weil', 'Vincent Maraval', 'Richard Grandpierre']","['Sofia Boutella', 'Kiddy Smile', 'Romain Guillermic', 'Souheila Yacoub', 'Claude Gajan Maull', 'Giselle Palmer', 'Taylor Kastle', 'Thea Carla Schøtt']",Benoît Debie,"['Denis Bedlow', 'Gaspar Noé']",Thomas Bangalter,"['Rectangle Productions', 'Wild Bunch']","[""O'Brother Distribution (Belgium)"", 'Wild Bunch (France)']",,,96.0,2900000.0,1700000.0,13-05-2018,6.9,67,69%,,
Gloria Bell,Sebastián Lelio,,"['Juan de Dios Larraín', 'Pablo Larraín', 'Sebastián Lelio', 'Mark Levinson']","['Julianne Moore', 'John Turturro', 'Michael Cera', 'Caren Pistorius', 'Brad Garrett', 'Jeanne Tripplehorn', 'Rita Wilson', 'Chris Mulkey', 'Sean Astin', 'Holland Taylor']",Natasha Braier,Soledad Salfate,Matthew Herbert,"['FilmNation Entertainment', 'Fabula']","['A24 (United States)', 'Sony Pictures Releasing International', 'Stage 6 Films (International)']",,English,102.0,,11100000.0,07-09-2018,6.3,79,,"['Alice Johnson Boher', 'Sebastián Lelio']","['Gloria', 'by Gonzalo Maza', 'Sebastián Lelio']"
High Life,Claire Denis,"['Claire Denis', 'Jean-Pol Fargeau']","['Andrew Lauren', 'D.J. Gugenheim', 'Claudia Steffen', 'Christoph Friedel', 'Laurence Clerc', 'Olivier Théry-Lapiney', 'Oliver Dungey', 'Klaudia Smieja']","['Robert Pattinson', 'Juliette Binoche', 'André Benjamin', 'Mia Goth', 'Agata Buzek', 'Lars Eidinger', 'Claire Tran', 'Ewan Mitchell', 'Gloria Obianyo', 'Victor Banerjee', 'Scarlette Lindsey', 'Jessie Ross']",Yorick Le Saux,Guy Lecorne,Stuart A. Staples,"['Andrew Lauren Productions', 'Pandora Filmproduktion', 'Alcatraz Films', 'The Apocalypse Films Company', 'Madants', 'BFI', 'Arte', 'ZDF', 'Canal+', 'Ciné+']","['Wild Bunch (France)', 'Pandora Filmproduktion (Germany)', 'Thunderbird Releasing (United Kingdom)', 'Against Gravity (Poland)', 'A24 (United States)']",,English,110.0,,2800000.0,09-09-2018,5.8,77,82%,,
Native Son,Rashid Johnson,,"['Matthew Perniciaro', 'Michael Sherman']","['Ashton Sanders', 'Margaret Qualley', 'Nick Robinson', 'KiKi Layne', 'Bill Camp', 'Sanaa Lathan']",Matthew Libatique,Brad Turner,"['Kyle Dixon', 'Michael Stein']","['A24', 'Bow and Arrow Entertainment']",HBO Films,United States,English,104.0,,,24-01-2019,5.7,63,62%,Suzan-Lori Parks,"['Native Son', 'by', 'Richard Wright']"
Under the Silver Lake,David Robert Mitchell,David Robert Mitchell,"['Michael De Luca', 'Chris Bender', 'Jake Weiner', 'Adele Romanski', 'David Robert Mitchell']","['Andrew Garfield', 'Riley Keough']",Michael Gioulakis,Julio C. Perez IV,Disasterpeace,"['Pastel Productions', 'Michael De Luca Productions', 'Stay Gold Features', 'Vendian Entertainment', 'Salem Street Entertainment', 'Boo Pictures']",A24,United States,English,139.0,8000000.0,2053469.0,15-05-2018,6.5,60,59%,,
The Souvenir,Joanna Hogg,Joanna Hogg,"['Joanna Hogg', 'Luke Schiller']","['Honor Swinton Byrne', 'Tom Burke', 'Tilda Swinton']",David Raedeker,Helle Le Fevre,,"['A24', 'BBC Films', 'British Film Institute', 'JWH Films', 'Sikelia Productions', 'Protagonist Pictures']","['A24 (United States)', 'Curzon Artificial Eye (United Kingdom and Ireland)']",,English,119.0,,2100000.0,27-01-2019,6.4,92,89%,,
The Last Black Man in San Francisco,Joe Talbot,,"['Khaliah Neal', 'Joe Talbot', 'Dede Gardner', 'Jeremy Kleiner', 'Christina Oh']","['Jimmie Fails', 'Jonathan Majors', 'Tichina Arnold', 'Rob Morgan', 'Mike Epps', 'Finn Wittrock', 'Danny Glover']",Adam Newport-Berra,David Marks,Emile Mosseri,"['Plan B Entertainment', 'Longshot Features', 'Mavia Entertainment']","['A24 (United States)', 'Focus Features', 'Universal Pictures (international)']",United States,English,120.0,3000000.0,4600000.0,26-01-2019,7.3,83,92%,"['Joe Talbot', 'Rob Richert']",
Midsommar,Ari Aster,Ari Aster,"['Patrik Andersson', 'Lars Knudsen']","['Florence Pugh', 'Jack Reynor', 'William Jackson Harper', 'Vilhelm Blomgren', 'Ellora Torchia', 'Archie Madekwe', 'Will Poulter']",Pawel Pogorzelski,Lucian Johnston,Bobby Krlic,"['Square Peg', 'B-Reel Films', 'A24']","['A24 (United States)', 'Nordisk Film (Sweden)']",,English,148.0,9000000.0,48000000.0,18-06-2019,7.1,72,83%,,
The Farewell,Lulu Wang,Lulu Wang,"['Daniele Melia', 'Marc Turtletaub', 'Peter Saraf', 'Andrew Miano', 'Chris Weitz', 'Jane Zheng', 'Lulu Wang', 'Anita Gou']","['Awkwafina', 'Tzi Ma', 'Diana Lin', 'Zhao Shu-zhen']",Anna Franquesa Solano,"['Michael Taylor', 'Matthew Friedman']",Alex Weston,"['Ray Productions', 'Big Beach', 'Depth of Field', 'Kindred Spirit']",A24,United States,,100.0,3000000.0,23100000.0,25-01-2019,7.5,89,97%,,
Skin,Guy Nattiv,Guy Nattiv,"['Guy Nattiv', 'Jaime Ray Newman', 'Oren Moverman', 'Dillon D. Jordan', 'Celine Rattray', 'Trudie Styler']","['Jamie Bell', 'Danielle Macdonald', 'Daniel Henshall', 'Bill Camp', 'Ari Barkan', 'Louisa Krause', 'Zoe Colletti', 'Kylie Rogers', 'Colbi Gannett', 'Mike Colter', 'Vera Farmiga']",Arnaud Potier,"['Lee Percy', 'Michael Taylor']",Dan Romer,"['Voltage Pictures', 'Maven Pictures', 'PaperChase Films', 'Lost Lane Entertainment', 'Item 7', 'Sight Unseen Pictures', 'Studio Mao (In association with)']","['A24', 'DirecTV Cinema']",United States,English,110.0,,135562.0,08-09-2018,6.8,58,76%,,
Share,Pippa Bianco,,"['Carly Hugo', 'Matthew Parker', 'Tyler Byrne']","['Rhianne Barreto', 'Charlie Plummer', 'Poorna Jagannathan', 'J. C. Mackenzie', 'Nicholas Galitzine', 'Lovie Simone']",Ava Berkofsky,Shelby Siegel,Shlohmo,"['A24', 'Loveless', 'Wilding Pictures']",HBO Films,United States,English,89.0,,,25-01-2019,5.7,73,86%,Pippa Bianco,"['Share', 'by Pippa Bianco']"
The Death of Dick Long,Daniel Scheinert,Billy Chew,"['Jonathan Wang', 'Daniel Scheinert', 'Melodie Sisk']","['Michael Abbott Jr.', 'Virginia Newcomb', 'Andre Hyland', 'Sarah Baker', 'Jess Weixler', 'Roy Wood Jr.', 'Sunita Mani']",Ashley Connor,Paul Rogers,"['Andy Hull', 'Robert McDowell']",,A24,United States,English,100.0,,36856.0,26-01-2019,6.4,69,74%,,
Low Tide,Kevin McMullin,Kevin McMullin,"['Rian Cahill', 'Brian Kavanaugh-Jones', 'Brandon McHugh', 'Richard Peete', 'Kevin Rowe']","['Keean Johnson', 'Alex Neustaedter', 'Daniel Zolghadri', 'Kristine Froseth', 'Shea Whigham', 'Jaeden Martell']",Andrew Ellmaker,Ed Yonaitis,"['Brooke Blair', 'Will Blair']","['Automatik', 'Boy & Star', 'Headgear Films', 'Metrol Technology', 'Neighborhood Watch']","['A24', 'DirecTV Cinema']",United States,English,86.0,,,28-04-2019,6.3,64,73%,,
The Lighthouse,Robert Eggers,"['Robert Eggers', 'Max Eggers']","['Rodrigo Teixeira', 'Jay Van Hoy', 'Robert Eggers', ""Lourenço Sant'Anna"", 'Youree Henley']","['Willem Dafoe', 'Robert Pattinson']",Jarin Blaschke,Louise Ford,Mark Korven,"['A24', 'Regency Enterprises', 'RT Features']","['A24 (United States)', 'VVS Films (Canada)']",,English,109.0,11000000.0,18300000.0,19-05-2019,7.4,83,90%,,
The Elephant Queen,"['Victoria Stone', 'Mark Deeble']",,Lucinda Englehart,,,,Alex Heffes,"['Mister Smith Entertainment', 'Deeble & Stone']","['A24', 'Apple TV+']",,,96.0,,,08-09-2018,7.8,69,91%,,
The Kill Team,Dan Krauss,Dan Krauss,"['Marty Bowen', 'Wyck Godfrey', 'Adrian Guerra', 'Isaac Klausner']","['Nat Wolff', 'Adam Long', 'Anacletus Sanga', 'Brian ""Sene"" Marc', 'Osy Ikhile', 'Anna Francolini', 'Rob Morrow', 'Alexander Skarsgård']",Stéphane Fontaine,"['Luke Doolan', 'Franklin Peterson']",Zacarías M. de la Riva,"['Nostromo Pictures', 'Temple Hill Entertainment']",A24,United States,English,87.0,,415772.0,27-04-2019,6.0,60,71%,,
Waves,Trey Edward Shults,Trey Edward Shults,"['Kevin Turen', 'James Wilson', 'Trey Edward Shults']","['Kelvin Harrison Jr.', 'Taylor Russell', 'Sterling K. Brown', 'Renée Elise Goldsberry', 'Alexa Demie', 'Lucas Hedges']",Drew Daniels,"['Trey Edward Shults', 'Isaac Hagy']","['Trent Reznor', 'Atticus Ross']","['Guy Grand Productions', 'JW Films']","['A24 (United States)', 'Focus Features Universal Pictures (International)']",United States,English,135.0,,2600000.0,30-08-2019,7.5,80,84%,,
In Fabric,Peter Strickland,Peter Strickland,Andrew Starke,"['Marianne Jean-Baptiste', 'Hayley Squires', 'Leo Bill', 'Julian Barratt', 'Steve Oram', 'Gwendoline Christie', 'Barry Adamson', 'Jaygann Ayeh', 'Richard Bremmer', 'Terry Bird', 'Fatma Mohamed']",Ari Wegner,Matyas Fekete,Cavern of Anti-Matter,"['Rook Films', 'BBC Films', 'BFI', 'Headgear Films', 'Metrol Technology']",Curzon Artificial Eye,United Kingdom,English,118.0,,,18-09-2018,6.2,81,91%,,
Uncut Gems,"['Josh Safdie', 'Benny Safdie']","['Ronald Bronstein', 'Josh Safdie', 'Benny Safdie']","['Scott Rudin', 'Eli Bush', 'Sebastian Bear-McClard']","['Adam Sandler', 'LaKeith Stanfield', 'Julia Fox', 'Kevin Garnett', 'Idina Menzel', 'Eric Bogosian']",Darius Khondji,"['Ronald Bronstein', 'Benny Safdie']",Daniel Lopatin,"['A24', 'Elara Pictures', 'IAC Films', 'Sikelia Productions', 'Scott Rudin Productions']","['A24 (United States)', 'Netflix (International)']",United States,English,135.0,19000000.0,50000000.0,30-08-2019,7.4,91,91%,,
First Cow,Kelly Reichardt,,"['Neil Kopp', 'Vincent Savino', 'Anish Savjani']","['John Magaro', 'Orion Lee', 'Toby Jones', 'Ewen Bremner', 'Scott Shepherd', 'Gary Farmer', 'Lily Gladstone']",Christopher Blauvelt,Kelly Reichardt,William Tyler,"['FilmScience', 'IAC Films']",A24,United States,English,121.0,2000000.0,1400000.0,30-08-2019,7.1,89,96%,"['Jonathan Raymond', 'Kelly Reichardt']","['The Half-Life', 'by Jonathan Raymond']"
Boys State,"['Jesse Moss', 'Amanda McBaine']",,"['Amanda McBaine', 'Jesse Moss']",,Thorsten Thielow,Jeff Seymann Gilbert,T. Griffin,"['Concordia Studio', 'Mile End Films']","['A24', 'Apple TV+']",United States,English,109.0,,,24-01-2020,7.6,84,95%,,
On the Rocks,Sofia Coppola,Sofia Coppola,"['Sofia Coppola', 'Youree Henley']","['Bill Murray', 'Rashida Jones', 'Marlon Wayans']",Philippe Le Sourd,Sarah Flack,Phoenix,,"['A24', 'Apple TV+']",United States,English,96.0,,992103.0,22-09-2020,6.4,73,87%,,
Saint Maud,Rose Glass,Rose Glass,"['Andrea Cornwell', 'Oliver Kassman']","['Morfydd Clark', 'Jennifer Ehle']",Ben Fordesman,Mark Towns,Adam Janota Bzowski,"['Film4', 'British Film Institute', 'Escape Plan Productions']",StudioCanal,United Kingdom,English,84.0,,1400000.0,08-09-2019,6.7,83,93%,,
Minari,Lee Isaac Chung,Lee Isaac Chung,"['Dede Gardner', 'Jeremy Kleiner', 'Christina Oh']","['Steven Yeun', 'Han Ye-ri', 'Alan Kim', 'Noel Kate Cho', 'Youn Yuh-jung', 'Will Patton']",Lachlan Milne,Harry Yoon,Emile Mosseri,,A24,United States,,115.0,2000000.0,15500000.0,26-01-2020,7.4,89,98%,,
False Positive,John Lee,,"['Ilana Glazer', 'John Lee', 'Jonathan Wang', 'Allison Rose Carter']","['Ilana Glazer', 'Justin Theroux', 'Pierce Brosnan', 'Sophia Bush']",Pawel Pogorzelski,Jon Philpot,"['Yair Elazar Glotman', 'Lucy Railton']",,Hulu,United States,English,92.0,,,18-06-2021,4.7,54,47%,"['John Lee', 'Ilana Glazer']",
Zola,Janicza Bravo,,"['Christine Vachon', 'David Hinojosa', 'Gia Walsh', 'Kara Baker', 'Vince Jolivette', 'Elizabeth Haggard', 'Dave Franco']","['Taylour Paige', 'Riley Keough', 'Nicholas Braun', ""Ari'el Stachel"", 'Colman Domingo']",Ari Wegner,Joi McMillon,Mica Levi,"['Killer Films', 'Ramona Films', 'Gigi Films']",A24,United States,English,90.0,5000000.0,5000000.0,24-01-2020,6.5,76,88%,"['Janicza Bravo', 'Jeremy O. Harris']","['""Zola Tells All: The Real Story Behind the Greatest Stripper Saga Ever Tweeted"" by David Kushner', 'Tweets by Aziah ""Zola"" King']"
Val,"['Leo Scott', 'Ting Poo']",Val Kilmer,"['Val Kilmer', 'Leo Scott', 'Ting Poo', 'Andrew Fried', 'Dane Lillegard', 'Jordan Wynn', 'Ali Alborzi', 'Brad Koepenick', 'Tom Stratton']",['Val Kilmer'],"['Val Kilmer', 'Tom Stratton', 'Leila El Hayani']","['Leo Scott', 'Ting Poo']",Garth Stevenson,"['A24', 'IAC Films', 'Boardwalk Pictures', 'Cartel Films']","['Amazon Studios (United States and Latin America)', 'A24 (International)']",United States,English,108.0,,,07-07-2021,7.6,73,94%,,
The Green Knight,David Lowery,David Lowery,"['Toby Halbrooks', 'James M. Johnston', 'David Lowery', 'Tim Headington', 'Theresa Steele Page']","['Dev Patel', 'Alicia Vikander', 'Joel Edgerton', 'Sarita Choudhury', 'Sean Harris', 'Ralph Ineson']",Andrew Droz Palermo,David Lowery,Daniel Hart,"['A24', 'Ley Line Entertainment', 'Sailor Bear', 'Bron Creative', 'Wild Atlantic Pictures']",A24,,English,130.0,15000000.0,20000000.0,,6.6,85,89%,,"['Sir Gawain and the Green Knight', 'by', 'Anonymous']"
Lamb,Valdimar Jóhannsson,"['Sjón', 'Valdimar Jóhannsson']","['Marcin Drabiński', 'Piodor Gustafsson', 'Zuzanna Hencz', 'Hrönn Kristinsdóttir', 'Jon Mankell', 'Sara Nassim', 'Jan Naszewski', 'Erik Rydell', 'Klaudia Śmieja-Rostworowska']","['Noomi Rapace', 'Hilmir Snær Guðnason', 'Björn Hlynur Haraldsson', 'Ingvar Eggert Sigurðsson']",Eli Arenson,Agnieszka Glinska,Þórarinn Guðnason,"['Go to Sheep', 'Boom Films', 'Black Spark Productions', 'Madants/NEM Corp', 'Film i Väst', 'Chimney Sweden', 'Chimney Poland', 'Rabbit Hole Productions']","['Sena (Iceland)', 'TriArt Film (Sweden)', 'Gutek Film (Poland)']",,Icelandic,106.0,,3200000.0,13-07-2021,6.3,68,86%,,
The Souvenir Part II,Joanna Hogg,Joanna Hogg,"['Ed Guiney', 'Emma Norton', 'Andrew Lowe', 'Joanna Hogg', 'Luke Schiller']","['Honor Swinton Byrne', 'Jaygann Ayeh', 'Richard Ayoade', 'Ariane Labed', 'James Spencer Ashworth', 'Tilda Swinton']",David Raedeker,Helle le Fevre,,"['A24', 'BBC Film', 'British Film Institute', 'Sikelia Productions', 'Protagonist Pictures', 'Element Pictures', 'JWH Films']","['A24 (United States)', 'Picturehouse Entertainment (United Kingdom and Ireland)']",,English,107.0,,381315.0,08-07-2021,7.2,90,90%,,
C'mon C'mon,Mike Mills,Mike Mills,"['Chelsea Barnard', 'Lila Yacoub', 'Andrea Longacre-White']","['Joaquin Phoenix', 'Gaby Hoffmann', 'Scoot McNairy', 'Molly Webster', 'Woody Norman']",Robbie Ryan,Jennifer Vecchiarello,"['Aaron Dessner', 'Bryce Dessner']",,A24,United States,English,108.0,8300000.000000001,4500000.0,02-09-2021,7.4,82,,,
The Humans,Stephen Karam,,"['Louise Lovegrove', 'Stephen Karam']","['Jayne Houdyshell', 'Richard Jenkins', 'Amy Schumer', 'Beanie Feldstein', 'Steven Yeun', 'June Squibb']",Lol Crawley,Nick Houy,Nico Muhly,"['A24', 'IAC Films']","['A24', 'Showtime']",United States,English,108.0,,,12-09-2021,6.2,78,92%,Stephen Karam,"['The Humans', 'by Stephen Karam']"
Red Rocket,Sean Baker,"['Chris Bergoch', 'Sean Baker']","['Sean Baker', 'Alex Coco', 'Samantha Quan', 'Alex Saks', 'Shih-Ching Tsou']","['Simon Rex', 'Bree Elrod', 'Suzanna Son']",Drew Daniels,Sean Baker,,"['FilmNation Entertainment', 'Cre Film']",A24,United States,English,128.0,1100000.0,2300000.0,14-07-2021,7.2,76,90%,,
The Tragedy of Macbeth,Joel Coen,,"['Joel Coen', 'Frances McDormand', 'Robert Graf']","['Denzel Washington', 'Frances McDormand', 'Bertie Carvel', 'Alex Hassell', 'Corey Hawkins', 'Harry Melling', 'Brendan Gleeson']",Bruno Delbonnel,"['Lucian Johnston', 'Reginald Jaynes']",Carter Burwell,"['Apple Original Films', 'A24', 'IAC Films']","['Apple TV+', 'A24']",United States,English,105.0,,524779.0,24-09-2021,7.1,87,92%,Joel Coen,"['Macbeth', 'by', 'William Shakespeare']"
The Sky Is Everywhere,Josephine Decker,,"['Josephine Decker', 'Denise Di Novi', 'Margaret French Isaac', 'Allison Rose Carter']","['Grace Kaufman', 'Pico Alexander', 'Jacques Colimon', 'Cherry Jones', 'Jason Segel']",Ava Berkofsky,Laura Zempel,Caroline Shaw,,"['A24', 'Apple TV+']",United States,English,103.0,,,,5.6,66,65%,Jandy Nelson,"['The Sky Is Everywhere', 'by Jandy Nelson']"
After Yang,Kogonada,,"['Theresa Park', 'Andrew Goldman', 'Caroline Kaplan', 'Paul Mezey']","['Colin Farrell', 'Jodie Turner-Smith', 'Justin H. Min', 'Malea Emma Tjandrawidjaja', 'Haley Lu Richardson']",Benjamin Loeb,Kogonada,"['Aska Matsumiya', 'Ryuichi Sakamoto']","['A24', 'Cinereach', 'Per Capita Productions']","['A24', 'Showtime']",United States,English,96.0,9000000.0,729740.0,08-07-2021,6.7,78,90%,Kogonada,"['""Saying Goodbye to Yang""', 'by', 'Alexander Weinstein']"
X,Ti West,Ti West,"['Ti West', 'Jacob Jaffke', 'Kevin Turen', 'Harrison Kreiss']","['Mia Goth', 'Jenna Ortega', 'Martin Henderson', 'Brittany Snow', 'Owen Campbell', 'Stephen Ure', 'Scott Mescudi']",Eliot Rockett,"['David Kashevaroff', 'Ti West']","['Tyler Bates', 'Chelsea Wolfe']","['Little Lamb', 'Mad Solar Productions']",A24,United States,English,106.0,1000000.0,15100000.0,13-03-2022,6.6,79,94%,,
Everything Everywhere All at Once,"['Daniel Kwan', 'Daniel Scheinert']","['Daniel Kwan', 'Daniel Scheinert']","['Anthony Russo Joe Russo', 'Mike Larocca', 'Daniel Kwan', 'Daniel Scheinert', 'Jonathan Wang', 'Peter Tam Lee']","['Michelle Yeoh', 'Stephanie Hsu', 'Ke Huy Quan', 'Jenny Slate', 'Harry Shum Jr.', 'James Hong', 'Jamie Lee Curtis']",Larkin Seiple,Paul Rogers,Son Lux,"['IAC Films', 'Gozie AGBO', 'Year of the Rat', 'Ley Line Entertainment']",A24,United States,,139.0,14300000.0,107900000.0,11-03-2022,8.0,81,95%,,
Men,Alex Garland,Alex Garland,"['Andrew Macdonald', 'Allon Reich']","['Jessie Buckley', 'Rory Kinnear']",Rob Hardy,Jake Roberts,"['Ben Salisbury', 'Geoff Barrow']",,Entertainment Film Distributors,United Kingdom,English,100.0,,11200000.0,20-05-2022,6.1,65,69%,,
Elizabeth: A Portrait in Parts,Roger Michell,,Kevin Loader,,,Joanna Crickmay,George Fenton,"['Ingenious Media', 'Free Range Films']",Signature Entertainment,United Kingdom,English,90.0,,,,,,,,
Marcel the Shell with Shoes On,Dean Fleischer Camp,,"['Elisabeth Holm', 'Andrew Goldman', 'Caroline Kaplan', 'Paul Mezey', 'Dean Fleischer Camp', 'Jenny Slate', 'Terry Leonard']","['Jenny Slate', 'Rosa Salazar', 'Thomas Mann', 'Dean Fleischer Camp', 'Lesley Stahl', 'Isabella Rossellini']",Bianca Cline,"['Dean Fleischer Camp', 'Nick Paley']",Disasterpeace,"['Cinereach', 'You Want I Should LLC.', 'Human Woman Inc.', 'Sunbeam TV & Films', 'Chiodo Bros. Productions']","['A24 (North America)', 'Focus Features (Via Universal Pictures ) (International)']",United States,English,90.0,,7000000.0,03-09-2021,7.7,80,98%,"['Dean Fleischer Camp', 'Jenny Slate', 'Nick Paley']","['Dean Fleischer Camp', 'Jenny Slate']"
Bodies Bodies Bodies,Halina Reijn,,"['David Hinojosa', 'Ali Herting']","['Amandla Stenberg', 'Maria Bakalova', ""Myha'la Herrold"", 'Chase Sui Wonders', 'Rachel Sennott', 'Lee Pace', 'Pete Davidson']",Jasper Wolf,"['Taylor Levy', 'Julia Bloch']",Disasterpeace,,"['A24 (United States)', 'Stage 6 Films (through Sony Pictures Releasing ) (international)']",United States,English,94.0,,14000000.0,14-03-2022,6.3,69,85%,Sarah DeLappe,
Funny Pages,Owen Kline,Owen Kline,"['Josh Safdie', 'Benny Safdie', 'Sebastian Bear-McClard', 'Ronald Bronstein', 'Oscar Boyson', 'David Duque-Estrada']","['Daniel Zolghadri', 'Matthew Maher', 'Miles Emanuel', 'Maria Dizzia', 'Josh Pais']","['Sean Price Williams', 'Hunter Zimny']","['Owen Kline', 'Erin Dewitt']",Sean O'Hagan,"['A24', 'Elara Pictures']",A24,United States,English,86.0,,,24-05-2022,6.3,73,83%,,
Pearl,Ti West,"['Ti West', 'Mia Goth']","['Jacob Jaffke', 'Ti West', 'Kevin Turen', 'Harrison Kreiss']","['Mia Goth', 'David Corenswet', 'Tandi Wright', 'Matthew Sunderland', 'Emma Jenkins-Purro', 'Alistair Sewell']",Eliot Rockett,Ti West,"['Tyler Bates', 'Tim Williams']","['Little Lamb', 'Mad Solar Productions']","['A24 (United States)', 'Universal Pictures (International)']",United States,English,102.0,1000000.0,9400000.0,03-09-2022,7.0,73,92%,,"['Characters', 'by Ti West']"
X,Ti West,Ti West,"['Ti West', 'Jacob Jaffke', 'Kevin Turen', 'Harrison Kreiss']","['Mia Goth', 'Jenna Ortega', 'Martin Henderson', 'Brittany Snow', 'Owen Campbell', 'Stephen Ure', 'Scott Mescudi']",Eliot Rockett,"['David Kashevaroff', 'Ti West']","['Tyler Bates', 'Chelsea Wolfe']","['Little Lamb', 'Mad Solar Productions']",A24,United States,English,106.0,1000000.0,15100000.0,13-03-2022,6.6,79,94%,,
Instinct,Halina Reijn,,,"['Carice van Houten', 'Marwan Kenzari']",,,,,A24,Netherlands,Dutch,108.0,,,12-08-2019,6.5,43,26%,,
God's Creatures,"['Saela Davis', 'Anna Rose Holmer']",,Fodhla Cronin O'Reilly,"['Emily Watson', 'Paul Mescal', 'Aisling Franciosi', 'Declan Conlon', ""Toni O'Rourke"", ""Marion O'Dwyer"", 'Brendan McCormack', 'Lalor Roddy']",Chayse Irvin,"['Jeanne Applegate', 'Julia Bloch']","['Danny Bensi', 'Saunder Jurriaans']","['A24', 'BBC Film', 'Screen Ireland', 'The Wrap Fund', 'Nine Daughters']",A24,,English,101.0,,,19-05-2022,5.8,71,,Shane Crowley,
Stars at Noon,Claire Denis,,Olivier Delbosc,"['Margaret Qualley', 'Joe Alwyn', 'Benny Safdie', 'Danny Ramirez', 'John C. Reilly']",Éric Gautier,Guy Lecorne,Tindersticks,"['Curiosa Films', 'Arte France Cinéma', 'Ad Vitam', 'Canal+']","['Ad Vitam Distribution (France)', 'A24 (United States)']",France,English,137.0,,25717.0,25-05-2022,5.5,64,63%,"['Claire Denis', 'Léa Mysius', 'Andrew Litvack']","['The Stars at Noon', 'by', 'Denis Johnson']"
Aftersun,Charlotte Wells,Charlotte Wells,"['Adele Romanski', 'Amy Jackson', 'Barry Jenkins', 'Mark Ceryak']","['Paul Mescal', 'Frankie Corio', 'Celia Rowlson-Hall']",Gregory Oke,Blair McClendon,Oliver Coates,"['BBC Film', 'Screen Scotland', 'Tango Entertainment', 'British Film Institute', 'Pastel Productions', 'Unified Theory']","['Mubi (United Kingdom)', 'A24 (United States)']",,English,101.0,,6800000.0,21-05-2022,7.7,95,96%,,
Causeway,Lila Neugebauer,"['Ottessa Moshfegh', 'Luke Goebel', 'Elizabeth Sanders']","['Jennifer Lawrence', 'Justine Ciarrocchi']","['Jennifer Lawrence', 'Brian Tyree Henry', 'Linda Emond', 'Jayne Houdyshell', 'Stephen McKinley Henderson', 'Russell Harvard']",Diego García,"['Robert Frazen', 'Lucian Johnston']",Alex Somers,"['A24', 'IAC Films', 'Excellent Cadaver']","['A24', 'Apple TV+']",United States,English,92.0,,,10-09-2022,6.5,66,84%,,"['Red, White, and Water', 'by Elizabeth Sanders']"
The Inspection,Elegance Bratton,Elegance Bratton,"['Effie T. Brown', 'Chester Algernal Gordon']","['Jeremy Pope', 'Raúl Castillo', 'McCaul Lombardi', 'Aaron Dominguez', 'Nicholas Logan', 'Eman Esfandi', 'Andrew Kai', 'Aubrey Joseph', 'Bokeem Woodbine', 'Gabrielle Union']",Lachlan Milne,Oriana Soddu,Animal Collective,"['A24', 'Gamechanger Films', 'Freedom Principle']",A24,United States,English,95.0,3000000.0,406644.0,08-09-2022,7.0,73,90%,,
White Noise,Noah Baumbach,,"['Noah Baumbach', 'David Heyman', 'Uri Singer']","['Adam Driver', 'Greta Gerwig', 'Don Cheadle']",Lol Crawley,Matthew Hannam,Danny Elfman,"['NBGG Pictures', 'Heyday Films', 'A24']",Netflix,,English,136.0,100000000.0,79040.0,31-08-2022,5.5,30,7%,Noah Baumbach,"['White Noise', 'by', 'Don DeLillo']"
The Eternal Daughter,Joanna Hogg,Joanna Hogg,"['Ed Guiney', 'Emma Norton', 'Andrew Lowe', 'Joanna Hogg']","['Tilda Swinton', 'Joseph Mydell', 'Carly-Sophia Davies']",Ed Rutherford,Helle Le Fevre,,"['A24', 'BBC Film', 'Element Pictures', 'JWH Films']",A24,,English,96.0,,33657.0,06-09-2022,6.0,80,95%,,
The Whale,Darren Aronofsky,Samuel D. Hunter,"['Jeremy Dawson', 'Ari Handel', 'Darren Aronofsky']","['Brendan Fraser', 'Sadie Sink', 'Hong Chau', 'Ty Simpkins', 'Samantha Morton']",Matthew Libatique,Andrew Weisblum,Rob Simonsen,,A24,United States,English,117.0,3000000.0,36600000.0,04-09-2022,7.8,60,65%,,"['The Whale', 'by Samuel D. Hunter']"
This Place Rules,Andrew Callaghan,,"['Dave Kneebone', 'Janel Kranking', 'Jonah Hill', 'Matt Dines', 'Alison Goodwin', 'Max Benator']",Andrew Callaghan,"['Nic Mosher', 'Ronald Weaver II']",Clay Lorant-Saldaña,,"['A24', 'Strong Baby Productions', 'Abso Lutely Productions']",HBO,,English,82.0,,,,7.3,N/A,,,
When You Finish Saving the World,Jesse Eisenberg,,"['Dave McCary', 'Emma Stone', 'Ali Herting']","['Julianne Moore', 'Finn Wolfhard', 'Jay O. Sanders', 'Alisha Boe', 'Billy Bryk', 'Eleonore Hendricks']",Benjamin Loeb,Sara Shaw,Emile Mosseri,,A24,United States,English,88.0,,196920.0,20-01-2022,5.6,61,63%,Jesse Eisenberg,"['When You Finish Saving the World', 'by Jesse Eisenberg']"
Close,Lukas Dhont,,"['Dirk Impens', 'Michiel Dhont']","['Eden Dambrine', 'Gustav de Waele', 'Émilie Dequenne', 'Léa Drucker']",Frank van den Eeden,Alain Dessauvage,Valentin Hadjadj,"['Menuet', 'Diaphana Films', 'Topkapi Films', 'Versus Production']","['Lumière (Benelux)', 'Diaphana Distribution (France)']",,,104.0,,4800000.0,26-05-2022,5.7,51,37%,"['Lukas Dhont', 'Angelo Tijssens']",
Sharper,Benjamin Caron,"['Brian Gatewood', 'Alessandro Tanaka']","['Erik Feig', 'Jessica Switch', 'Julianne Moore', 'Bart Freundlich', 'Brian Gatewood', 'Alessandro Tanaka']","['Julianne Moore', 'Sebastian Stan', 'Justice Smith', 'Briana Middleton', 'John Lithgow']",Charlotte Bruus Christensen,Yan Miles,Clint Mansell,"['Apple Original Films', 'A24', 'Picturestart', 'FortySixty', 'G&T Productions']","['A24', 'Apple TV+']",United States,English,116.0,,,10-02-2023,6.6,64,,,
Pi,Darren Aronofsky,Darren Aronofsky,"['Eric Watson', 'Scott Vogel']","['Sean Gullette', 'Mark Margolis', 'Ben Shenkman', 'Samia Shoaib', 'Pamela Hart', 'Ajay Naidu', 'Joanne Gordon', 'Stephen Pearlman']",Matthew Libatique,Oren Sarch,Clint Mansell,,"['Artisan Entertainment (United States)', 'Summit Entertainment (International)']",United States,English,84.0,134815.0,3200000.0,,7.3,72,88%,,
Showing Up,Kelly Reichardt,"['Jon Raymond', 'Kelly Reichardt']","['Neil Kopp', 'Vincent Savino', 'Anish Savjani']","['Michelle Williams', 'Hong Chau', 'Maryann Plunkett', 'John Magaro', 'André Benjamin', 'James Le Gros', 'Judd Hirsch']",Christopher Blauvelt,Kelly Reichardt,Ethan Rose,,A24,United States,English,108.0,,,27-05-2022,N/A,81,90%,,
Beau Is Afraid,Ari Aster,Ari Aster,"['Ari Aster', 'Lars Knudsen']","['Joaquin Phoenix', 'Nathan Lane', 'Patti LuPone', 'Kylie Rogers', 'Parker Posey', 'Amy Ryan', 'Stephen McKinley Henderson', 'Denis Ménochet', 'Hayley Squires', 'Michael Gandolfini', 'Zoe Lister-Jones', 'Richard Kind']",Pawel Pogorzelski,Lucian Johnston,Bobby Krlic,"['A24', 'Square Peg']",A24,United States,English,179.0,,,,N/A,N/A,,,
You Hurt My Feelings,Nicole Holofcener,Nicole Holofcener,"['Stefanie Azpiazu', 'Anthony Bregman']","['Julia Louis-Dreyfus', 'Tobias Menzies', 'Michaela Watkins', 'Owen Teague', 'Arian Moayed', 'Jeannie Berlin']",Jeffrey Waldron,Alisa Lepselter,Michael Andrews,"['Likely Story', 'FilmNation Entertainment']",A24,United States,,93.0,,,22-01-2023,N/A,75,,,
Past Lives,Celine Song,Celine Song,"['David Hinojosa', 'Christine Vachon', 'Pamela Koffler']","['Greta Lee', 'Teo Yoo', 'John Magaro']",Shabier Kirchner,Keith Fraase,"['Christopher Bear', 'Daniel Rossen']","['Killer Films', '2AM', 'CJ ENM']",A24,United States,,106.0,,,21-01-2023,N/A,96,,,
Talk to Me,['Danny Philippou Michael Philippou'],"['Bill Hinzman', 'Daley Pearson', 'Danny Philippou']","['Samantha Jennings', 'Kristina Ceyton']","['Sophie Wilde', 'Alexandra Jensen', 'Joe Bird', 'Otis Dhanji', 'Miranda Otto', 'Zoe Terakes', 'Chris Alosio']",Aaron McLisky,Geoff Lam,Cornel Wilczek,,A24 (North America),Australia,English,94.0,,,30-10-2022,7.3,69,83%,,
All Dirt Roads Taste of Salt,Raven Jackson,Raven Jackson,"['Maria Altamirano', 'Barry Jenkins', 'Adele Romanski', 'Mark Ceryak']","['Charleen McClure', 'Moses Ingram', 'Sheila Atim']",Jomo Fray,Lee Chatametikool,"['Sasha Gordon', 'Victor Magro']","['A24', 'PASTEL']",A24,United States,English,97.0,,,22-01-2023,6.8,85,,,
The Deepest Breath,Laura McGann,Laura McGann,"['John Battsek', 'Sarah Thomson', ""Jamie D'Alton"", 'Anne McLoughlin']",,Tim Cragg,Julian Hart,Nainita Desai,"['Raw TV', 'Motive Pictures', 'A24', 'Ventureland']",Netflix,,English,108.0,,,,N/A,N/A,,,
Earth Mama,Savanah Leaf,,"['Cody Ryder', 'Shirley O’Connor', 'Medb Riordan', 'Sam Bisbee', 'Savanah Leaf']","['Tia Nomore', 'Erika Alexander', 'Doechii', 'Sharon Duncan-Brewster', 'Dominic Fike', 'Bokeem Woodbine']",Jody Lee Lipes,George Cragg,Kelsey Lu,"['A24', 'Film4 Productions', 'Academy Films', 'Park Pictures']",A24,,English,97.0,,,,N/A,81,,Savanah Leaf,"['The Heart Still Hums', 'by Savanah Leaf', 'and', 'Taylor Russell']"
Jerry Lee Lewis: Trouble in Mind,Ethan Coen,,"['Peter Afterman', 'T Bone Burnett', 'Steve Bing', 'Mick Jagger', 'Victoria Pearman']",Jerry Lee Lewis,,Tricia Cooke,,"['A24', 'Live Nation Productions', 'Jagged Films', 'Shangri-La Entertainment', 'Inaudible Films']",A24,United States,English,74.0,,,,7.1,62,69%,,
Medusa Deluxe,Thomas Hardiman,Thomas Hardiman,"['Michael Elliott', 'Lee Groombridge', 'Louise Palmkvist Hansen']","['Clare Perkins', 'Anita-Joy Uwajeh', 'Kae Alexander', 'Harriet Webb', ""Darrell D'Silva"", 'Luke Pasqualino', 'Heider Ali']",Robbie Ryan,Fouad Gaber,,"['BBC Film', 'BFI', 'EMU Films', 'Time Based Arts']","['Mubi', 'A24', '(United States)']",United Kingdom,English,100.0,,,,6.1,N/A,83%,,
Problemista,Julio Torres,Julio Torres,"['Julio Torres', 'Emma Stone', 'Dave McCary', 'Ali Herting']","['Julio Torres', 'Tilda Swinton', 'RZA', 'Isabella Rossellini', 'Greta Lee']",Fredrik Wenzel,"['Sara Shaw', 'Jacob Schulsinger']",Robert Ouyang Rusli,"['A24', 'Fruit Tree']",A24,United States,English,98.0,,,,N/A,N/A,,,
Civil War,Alex Garland,Alex Garland,"['Gregory Goodman', 'Andrew Macdonald', 'Allon Reich']","['Kirsten Dunst', 'Wagner Moura', 'Stephen McKinley Henderson', 'Cailee Spaeny']",Rob Hardy,Jake Roberts,,"['A24', 'DNA Films']",A24,United States,English,,,,,7.3,N/A,,,
Dream Scenario,Kristoffer Borgli,Kristoffer Borgli,"['Ari Aster', 'Lars Knudsen', 'Jacob Jaffke', 'Tyler Campellone']","['Nicolas Cage', 'Michael Cera', 'Julianne Nicholson', 'Tim Meadows']",Benjamin Loeb,,,"['A24', 'Square Peg']",A24,United States,English,,,,,N/A,N/A,,,
I Saw the TV Glow,Jane Schoenbrun,Jane Schoenbrun,"['Emma Stone', 'Dave McCary', 'Ali Herting', 'Sarah Winshall', 'Sam Intili']","['Justice Smith', 'Brigette Lundy-Paine', 'Danielle Deadwyler', 'Phoebe Bridgers', 'Fred Durst']",Eric K. Yue,Sofi Marshall,,"['A24', 'Smudge Films', 'Fruit Tree']",A24,United States,English,,,,,,,,,
The Iron Claw,Sean Durkin,,"['Tessa Ross', 'Derrin Schlesinger', 'Juliette Howell', 'Angus Lamont']","['Zac Efron', 'Lily James', 'Harris Dickinson', 'Maura Tierney', 'Holt McCallany']",Mátyás Erdély,Matthew Hannam,,"['A24', 'BBC Film', 'House Productions', 'Access Entertainment']",A24,,English,,20400000.0,,,6.6,N/A,,Sean Durkin,
Priscilla,Sofia Coppola,,"['Sofia Coppola', 'Youree Henley', 'Lorenzo Mieli']","['Cailee Spaeny', 'Jacob Elordi']",Philippe Le Sourd,Sarah Flack,,"['Stage 6 Films', 'The Apartment Pictures', 'American Zoetrope']","['A24 (United States)', 'Vision Distribution (Italy)', 'Sony Pictures Releasing International', 'Stage 6 Films (International)']",United States,English,,,,,8.4,N/A,,Sofia Coppola,"['Priscilla Presley', 'Sandra Harmon']"
Tuesday,Daina O. Pusic,Daina O. Pusic,"['Helen Gladders', 'Ivana MacKinnon', 'Oliver Roskill']","['Julia Louis-Dreyfus', 'Lola Petticrew']",Alexis Zabé,,,"['A24', 'BBC Film', 'Cinereach', 'British Film Institute', 'Gingerbread Pictures', 'Wild Swim Films', 'Record Player Films']",A24,,English,,,,,6.4,N/A,,,
